{
  "images" : [
    {
      "idiom" : "universal",
      "filename" : "§´Ô ™†´Ï™„´Ô‚Æ‡†(ß†§≠®© £‡†‰®™).png",
      "scale" : "1x"
    },
    {
      "idiom" : "universal",
      "filename" : "§´Ô ™†´Ï™„´Ô‚Æ‡†(ß†§≠®© £‡†‰®™)-1.png",
      "scale" : "2x"
    },
    {
      "idiom" : "universal",
      "filename" : "§´Ô ™†´Ï™„´Ô‚Æ‡†(ß†§≠®© £‡†‰®™)-2.png",
      "scale" : "3x"
    }
  ],
  "info" : {
    "version" : 1,
    "author" : "xcode"
  }
}