{
  "images" : [
    {
      "idiom" : "universal",
      "filename" : "phone2.png",
      "scale" : "1x"
    },
    {
      "idiom" : "universal",
      "filename" : "phone2-1.png",
      "scale" : "2x"
    },
    {
      "idiom" : "universal",
      "filename" : "phone3(iphone 6 PLUS)bar.png",
      "scale" : "3x"
    },
    {
      "idiom" : "universal",
      "filename" : "phone2 copy.png",
      "height-class" : "compact",
      "scale" : "1x"
    },
    {
      "idiom" : "universal",
      "filename" : "phone2 copy-1.png",
      "height-class" : "compact",
      "scale" : "2x"
    },
    {
      "idiom" : "universal",
      "filename" : "phone2 copy-2.png",
      "height-class" : "compact",
      "scale" : "3x"
    }
  ],
  "info" : {
    "version" : 1,
    "author" : "xcode"
  }
}