{
  "images" : [
    {
      "idiom" : "universal",
      "filename" : "background_base.png",
      "scale" : "1x"
    },
    {
      "idiom" : "universal",
      "filename" : "background_base-1.png",
      "scale" : "2x"
    },
    {
      "idiom" : "universal",
      "filename" : "background_base-2.png",
      "scale" : "3x"
    },
    {
      "idiom" : "universal",
      "scale" : "1x",
      "height-class" : "compact"
    },
    {
      "idiom" : "universal",
      "scale" : "2x",
      "height-class" : "compact"
    },
    {
      "idiom" : "universal",
      "scale" : "3x",
      "height-class" : "compact"
    },
    {
      "idiom" : "universal",
      "filename" : "background.png",
      "width-class" : "compact",
      "scale" : "1x"
    },
    {
      "idiom" : "universal",
      "filename" : "background-1.png",
      "width-class" : "compact",
      "scale" : "2x"
    },
    {
      "idiom" : "universal",
      "filename" : "background-2.png",
      "width-class" : "compact",
      "scale" : "3x"
    },
    {
      "idiom" : "universal",
      "width-class" : "compact",
      "height-class" : "compact",
      "scale" : "1x"
    },
    {
      "idiom" : "universal",
      "width-class" : "compact",
      "height-class" : "compact",
      "scale" : "2x"
    },
    {
      "idiom" : "universal",
      "width-class" : "compact",
      "height-class" : "compact",
      "scale" : "3x"
    }
  ],
  "info" : {
    "version" : 1,
    "author" : "xcode"
  }
}