{
  "images" : [
    {
      "idiom" : "universal",
      "filename" : "Ґ•ав®™†Ђ1600≠†2560.png",
      "scale" : "1x"
    },
    {
      "idiom" : "universal",
      "filename" : "Ґ•ав®™†Ђ1600≠†2560-1.png",
      "scale" : "2x"
    },
    {
      "idiom" : "universal",
      "filename" : "Ґ•ав®™†Ђ1600≠†2560-2.png",
      "scale" : "3x"
    },
    {
      "idiom" : "universal",
      "filename" : "promotion-hor-1x.png",
      "height-class" : "compact",
      "scale" : "1x"
    },
    {
      "idiom" : "universal",
      "filename" : "promotion-hor-2x.png",
      "height-class" : "compact",
      "scale" : "2x"
    },
    {
      "idiom" : "universal",
      "filename" : "promotion-hor-3x.png",
      "height-class" : "compact",
      "scale" : "3x"
    }
  ],
  "info" : {
    "version" : 1,
    "author" : "xcode"
  }
}